ticker,company_name,sector,rating_agency,rating,rating_numeric,fiscal_year,source,liquid,cumprof,profitab,leverage,total_assets,total_liabilities,total_equity,has_financials,rating_category
2222.SR,Saudi Aramco,Energy,Moodys,AA-,18,2024, argaam_oct2025,0.09743318905938612,0.5538972532936133,0.327009485771343,2.1382991809912273,2423630000000.0,772275000000.0,1651355000000.0,True,AA
2222.SR,Saudi Aramco,Energy,Fitch,A+,17,2024, argaam_oct2025,0.09743318905938612,0.5538972532936133,0.327009485771343,2.1382991809912273,2423630000000.0,772275000000.0,1651355000000.0,True,A
2382.SR,ADES,Energy,Fitch,B+,8,2024,argaam_oct2025,0.00971575254904481,0.11312848813312318,0.08250250015141924,0.4332457341624706,21628690000.0,15090706000.0,6537984000.0,True,BB
2382.SR,ADES,Energy,S&P,B+,8,2024,argaam_oct2025,0.00971575254904481,0.11312848813312318,0.08250250015141924,0.4332457341624706,21628690000.0,15090706000.0,6537984000.0,True,BB
1202.SR,MEPCO,Materials,Financial Analytics,A-,15,2024,argaam_oct2025,0.23958393944680365,0.07202462018352776,-0.009545172949546573,1.6691931851363335,2558600261.0,958566909.0,1600033352.0,True,A
1211.SR,Maaden,Materials,Moodys,BBB+,14,2024,argaam_oct2025,0.08229946149256538,0.0873914626383562,0.060389038978256614,1.0950809143529225,115089370018.0,54933138491.0,60156231527.0,True,BBB
1211.SR,Maaden,Materials,Fitch,BBB+,14,2024,argaam_oct2025,0.08229946149256538,0.0873914626383562,0.060389038978256614,1.0950809143529225,115089370018.0,54933138491.0,60156231527.0,True,BBB
2010.SR,SABIC,Materials,Moodys,A,16,2024,argaam_oct2025,0.16546571367929075,0.07214108004562124,0.025031390593800613,1.9544837391850092,278018793000.0,94100634000.0,183918159000.0,True,A
2010.SR,SABIC,Materials,Fitch,A+,17,2024,argaam_oct2025,0.16546571367929075,0.07214108004562124,0.025031390593800613,1.9544837391850092,278018793000.0,94100634000.0,183918159000.0,True,A
2010.SR,SABIC,Materials,S&P,A+,17,2024,argaam_oct2025,0.16546571367929075,0.07214108004562124,0.025031390593800613,1.9544837391850092,278018793000.0,94100634000.0,183918159000.0,True,A
3008.SR,Al Kathiri Holding,Materials,Financial Analytics,BBB-,12,2024,argaam_oct2025,0.2780411373225696,-0.04654324080760305,-0.026065896695959774,0.6415755178993517,287612933.0,175205423.0,112407510.0,True,BBB
4290.SR,Alkhaleej Training,Consumer Services,Tassnief,BBB+,14,2024,argaam_oct2025,0.02559636906571332,-0.01289461797461858,0.0860367617468628,0.3609582967261378,2151095058.0,1580573823.0,570521235.0,True,BBB
4290.SR,Alkhaleej Training,Consumer Services,Financial Analytics,A-,15,2024,argaam_oct2025,0.02559636906571332,-0.01289461797461858,0.0860367617468628,0.3609582967261378,2151095058.0,1580573823.0,570521235.0,True,A
2280.SR,Almarai,Food & Beverages,Moodys,BBB-,12,2024,argaam_oct2025,0.08281419569747604,0.21575519090777204,0.08551198887987953,1.1200646510770689,35567960000.0,16776828000.0,18791132000.0,True,BBB
2280.SR,Almarai,Food & Beverages,S&P,BBB-,12,2024,argaam_oct2025,0.08281419569747604,0.21575519090777204,0.08551198887987953,1.1200646510770689,35567960000.0,16776828000.0,18791132000.0,True,BBB
1010.SR,Riyad Bank,Banks,Moodys,A+,17,2024,argaam_oct2025,,0.029596397281301357,,0.17856898560575157,451402881000.0,383009299000.0,68393582000.0,True,A
1010.SR,Riyad Bank,Banks,Fitch,A-,15,2024,argaam_oct2025,,0.029596397281301357,,0.17856898560575157,451402881000.0,383009299000.0,68393582000.0,True,A
1010.SR,Riyad Bank,Banks,S&P,A,16,2024,argaam_oct2025,,0.029596397281301357,,0.17856898560575157,451402881000.0,383009299000.0,68393582000.0,True,A
1020.SR,Bank AlJazira,Banks,Moodys,A-,15,2024,argaam_oct2025,,0.016516285237758343,,0.1322228705682061,149118701000.0,131704371000.0,17414330000.0,True,A
1020.SR,Bank AlJazira,Banks,Fitch,A-,15,2024,argaam_oct2025,,0.016516285237758343,,0.1322228705682061,149118701000.0,131704371000.0,17414330000.0,True,A
1030.SR,SAIB,Banks,Moodys,A,16,2024,argaam_oct2025,,0.01348305135549939,,0.15248571198676833,156666688000.0,135938074000.0,20728614000.0,True,A
1030.SR,SAIB,Banks,Fitch,A-,15,2024,argaam_oct2025,,0.01348305135549939,,0.15248571198676833,156666688000.0,135938074000.0,20728614000.0,True,A
1030.SR,SAIB,Banks,S&P,BBB+,14,2024,argaam_oct2025,,0.01348305135549939,,0.15248571198676833,156666688000.0,135938074000.0,20728614000.0,True,BBB
1050.SR,BSF,Banks,Moodys,A+,17,2024,argaam_oct2025,,0.01537584440917956,,0.19148618674692383,293306558000.0,246168660000.0,47137898000.0,True,A
1050.SR,BSF,Banks,Fitch,A-,15,2024,argaam_oct2025,,0.01537584440917956,,0.19148618674692383,293306558000.0,246168660000.0,47137898000.0,True,A
1050.SR,BSF,Banks,S&P,A-,15,2024,argaam_oct2025,,0.01537584440917956,,0.19148618674692383,293306558000.0,246168660000.0,47137898000.0,True,A
1060.SR,SAB,Banks,Moodys,A+,17,2024,argaam_oct2025,,0.02870093976331916,,0.20620509341703464,399442809000.0,331156626000.0,68286183000.0,True,A
1060.SR,SAB,Banks,Fitch,BBB+,14,2024,argaam_oct2025,,0.02870093976331916,,0.20620509341703464,399442809000.0,331156626000.0,68286183000.0,True,BBB
1080.SR,ANB,Banks,Moodys,A+,17,2024,argaam_oct2025,,0.024694023131838414,,0.18405987894856346,248839971000.0,210158266000.0,38681705000.0,True,A
1080.SR,ANB,Banks,Fitch,BBB+,14,2024,argaam_oct2025,,0.024694023131838414,,0.18405987894856346,248839971000.0,210158266000.0,38681705000.0,True,BBB
1080.SR,ANB,Banks,S&P,BBB+,14,2024,argaam_oct2025,,0.024694023131838414,,0.18405987894856346,248839971000.0,210158266000.0,38681705000.0,True,BBB
1120.SR,Al Rajhi Bank,Banks,Moodys,AA-,18,2024,argaam_oct2025,,0.02202417229520981,,0.14498821173365276,972444354000.0,849305123000.0,123139231000.0,True,AA
1120.SR,Al Rajhi Bank,Banks,Fitch,A-,15,2024,argaam_oct2025,,0.02202417229520981,,0.14498821173365276,972444354000.0,849305123000.0,123139231000.0,True,A
1120.SR,Al Rajhi Bank,Banks,S&P,A,16,2024,argaam_oct2025,,0.02202417229520981,,0.14498821173365276,972444354000.0,849305123000.0,123139231000.0,True,A
1140.SR,Bank Albilad,Banks,Moodys,A,16,2024,argaam_oct2025,,0.012061676993546279,,0.12072795327527358,154964687000.0,138271457000.0,16693230000.0,True,A
1140.SR,Bank Albilad,Banks,Fitch,A-,15,2024,argaam_oct2025,,0.012061676993546279,,0.12072795327527358,154964687000.0,138271457000.0,16693230000.0,True,A
1150.SR,Alinma Bank,Banks,Moodys,A,16,2024,argaam_oct2025,,0.011517248896253909,,0.1760590126912804,276827481000.0,235385706000.0,41441775000.0,True,A
1150.SR,Alinma Bank,Banks,Fitch,A-,15,2024,argaam_oct2025,,0.011517248896253909,,0.1760590126912804,276827481000.0,235385706000.0,41441775000.0,True,A
1150.SR,Alinma Bank,Banks,S&P,A-,15,2024,argaam_oct2025,,0.011517248896253909,,0.1760590126912804,276827481000.0,235385706000.0,41441775000.0,True,A
1180.SR,SNB,Banks,Moodys,AA-,18,2024,argaam_oct2025,,0.012997443908762635,,0.21218535127250915,1104154640000.0,910879379000.0,193275261000.0,True,AA
1180.SR,SNB,Banks,Fitch,A-,15,2024,argaam_oct2025,,0.012997443908762635,,0.21218535127250915,1104154640000.0,910879379000.0,193275261000.0,True,A
1180.SR,SNB,Banks,S&P,A-,15,2024,argaam_oct2025,,0.012997443908762635,,0.21218535127250915,1104154640000.0,910879379000.0,193275261000.0,True,A
8010.SR,Tawuniya,Insurance,Fitch,A,16,2024,argaam_oct2025,,0.06901698590582901,,0.27112180336707986,20995701000.0,16517458000.0,4478243000.0,True,A
8060.SR,Malath Insurance,Insurance,Financial Analytics,A-,15,2024,argaam_oct2025,,0.024715935855312506,,0.6200146504209022,4765913000.0,2941895000.0,1824018000.0,True,A
8070.SR,Arabian Shield,Insurance,Fitch,A-,15,2024,argaam_oct2025,,0.06574996582296906,,0.8422855010316385,3613538000.0,1961443000.0,1652095000.0,True,A
8100.SR,SAICO,Insurance,Financial Analytics,A-,15,2024,argaam_oct2025,,0.0011703974464055715,,0.24129044815091458,1964290000.0,1582458000.0,381832000.0,True,A
8120.SR,Gulf Union Alahlia,Insurance,Fitch,BBB+,14,2024,argaam_oct2025,,0.030740604164444428,0.043466011478600755,1.1008654937580662,1195977828.0,569278629.0,626699199.0,True,BBB
4320.SR,Arabia Insurance,Insurance,S&P,A+,17,2024,argaam_oct2025,0.020369529752077505,0.03684076204750227,0.020990083801153775,1.0529501324426576,2260866724.0,1101276981.0,1159589743.0,True,A
8170.SR,Al-Etihad Insurance,Insurance,Fitch,A-,15,2024,argaam_oct2025,,0.07246150651735705,0.036970380105005085,0.8480941456874721,1550782000.0,839125000.0,711657000.0,True,A
8180.SR,Al Sagr Insurance,Insurance,Fitch,BBB,13,2024,argaam_oct2025,,0.03878947822356609,0.054721104850562426,1.1702009861744087,743509202.0,342599237.0,400909965.0,True,BBB
8180.SR,Al Sagr Insurance,Insurance,S&P,BBB,13,2024,argaam_oct2025,,0.03878947822356609,0.054721104850562426,1.1702009861744087,743509202.0,342599237.0,400909965.0,True,BBB
8190.SR,UCA,Insurance,S&P,A,16,2024,argaam_oct2025,,-0.2124879019512211,-0.011946517662879656,0.41134221181102243,920603000.0,652289000.0,268314000.0,True,A
8200.SR,Saudi Re,Insurance,Moodys,A-,15,2024,argaam_oct2025,,0.17121780374292578,,0.892284296198621,3418419523.0,1806504197.0,1611915326.0,True,A
8200.SR,Saudi Re,Insurance,S&P,A-,15,2024,argaam_oct2025,,0.17121780374292578,,0.892284296198621,3418419523.0,1806504197.0,1611915326.0,True,A
8230.SR,Al Rajhi Takaful,Insurance,Moodys,A-,15,2024,argaam_oct2025,,0.05445733729326728,,0.20789734607297186,12087407000.0,10006982000.0,2080425000.0,True,A
8240.SR,Chubb Arabia,Insurance,S&P,AA,19,2024,argaam_oct2025,,0.08303514061010403,,1.94688756321226,687820272.0,233405672.0,454414600.0,True,AA
8250.SR,GIG,Insurance,Financial Analytics,A,16,2024,argaam_oct2025,,0.1440529784700126,,0.6477656255850178,2772598000.0,1682641000.0,1089957000.0,True,A
8280.SR,LIVA,Insurance,Moodys,BBB,13,2024,argaam_oct2025,,-0.02196858630523058,,0.7615467722279363,1019046000.0,578495000.0,440551000.0,True,BBB
8300.SR,Wataniya,Insurance,S&P,A-,15,2024,argaam_oct2025,,0.027728307090708264,,0.3997107241861331,2134822000.0,1525188000.0,609634000.0,True,A
2070.SR,Perfect Presentation (2P),Software & Services,Financial Analytics,BBB+,14,2024,argaam_oct2025,0.08014658693858424,-0.027845174781008616,0.038860957718618645,0.5492478736770672,4319348000.0,2788029000.0,1531319000.0,True,BBB
7010.SR,Saudi Telecom (STC),Telecom,Moodys,AA-,18,2024,argaam_oct2025,0.21047846027453143,0.23935331473546728,0.08321887784771018,1.3570190120196448,160638143000.0,68153096000.0,92485047000.0,True,AA
7010.SR,Saudi Telecom (STC),Telecom,Fitch,A+,17,2024,argaam_oct2025,0.21047846027453143,0.23935331473546728,0.08321887784771018,1.3570190120196448,160638143000.0,68153096000.0,92485047000.0,True,A
7010.SR,Saudi Telecom (STC),Telecom,S&P,A+,17,2024,argaam_oct2025,0.21047846027453143,0.23935331473546728,0.08321887784771018,1.3570190120196448,160638143000.0,68153096000.0,92485047000.0,True,A
7010.SR,Saudi Telecom (STC),Telecom,Tassnief,AAA,21,2024,argaam_oct2025,0.21047846027453143,0.23935331473546728,0.08321887784771018,1.3570190120196448,160638143000.0,68153096000.0,92485047000.0,True,AA
2081.SR,Alkhorayef Water & Power,Utilities,Financial Analytics,A-,15,2024,argaam_oct2025,0.1627404785684448,0.15365985214798808,0.12378131913374758,0.4839005363856031,2380380053.0,1604137201.0,776242852.0,True,A
2082.SR,ACWA Power,Utilities,Fitch,BBB-,12,2024,argaam_oct2025,0.09624598379690305,0.08565501437290976,0.05831499999314379,0.7461273149897591,56882706000.0,32576494000.0,24306212000.0,True,BBB
5110.SR,Saudi Electricity,Utilities,Moodys,AA-,18,2024,argaam_oct2025,-0.05082833356865925,0.07480473476080919,0.022115121164303073,0.8502550575355645,547014412000.0,295642706000.0,251371706000.0,True,AA
5110.SR,Saudi Electricity,Utilities,Fitch,A+,17,2024,argaam_oct2025,-0.05082833356865925,0.07480473476080919,0.022115121164303073,0.8502550575355645,547014412000.0,295642706000.0,251371706000.0,True,A
5110.SR,Saudi Electricity,Utilities,S&P,A+,17,2024,argaam_oct2025,-0.05082833356865925,0.07480473476080919,0.022115121164303073,0.8502550575355645,547014412000.0,295642706000.0,251371706000.0,True,A
4321.SR,Cenomi Centers,Real Estate,Fitch,BB,10,2024,argaam_oct2025,0.04045450158136625,0.27785494308220543,0.044563913916292615,0.891938328708021,31452545879.0,16624509056.0,14828036823.0,True,BB
4321.SR,Cenomi Centers,Real Estate,S&P,BB-,9,2024,argaam_oct2025,0.04045450158136625,0.27785494308220543,0.044563913916292615,0.891938328708021,31452545879.0,16624509056.0,14828036823.0,True,BB
4321.SR,Cenomi Centers,Real Estate,Financial Analytics,A-,15,2024,argaam_oct2025,0.04045450158136625,0.27785494308220543,0.044563913916292615,0.891938328708021,31452545879.0,16624509056.0,14828036823.0,True,A
9511.SR,Sumou Real Estate,Real Estate,Financial Analytics,BBB+,14,2024,argaam_oct2025,,,,,,,,False,BBB
7020.SR,Mobily,Telecom,Financial Analytics,AA,19,2024,argaam_oct2025,-0.02376921548648491,0.2907478348451415,0.09839198351355216,0.9610966369062894,38515028000.0,19639536000.0,18875492000.0,True,AA
7030.SR,Zain KSA,Telecom,Financial Analytics,A,16,2024,argaam_oct2025,-0.19438789362648082,0.05960339516029256,0.044824323297919307,0.6143248600692746,28135461000.0,17428624000.0,10706837000.0,True,A
9535.SR,Ladun Investment,Financial Services,Financial Analytics,BBB+,14,2024,argaam_oct2025,0.00584895805804586,0.051157432594480454,0.03411926780573487,0.2670089151055785,3012816441.0,2377896797.0,634919644.0,True,BBB
9596.SR,Quara Finance,Financial Services,Financial Analytics,BBB-,12,2024,argaam_oct2025,0.8077898269634161,0.12808404026280423,0.060336799472430695,1.098654151646499,877264082.0,418012697.0,459251385.0,True,BBB
9619.SR,Multi Business Group,Commercial Services,Financial Analytics,BB+,11,2024,argaam_oct2025,0.7788510408510891,0.2920126838050294,0.20904395728068315,3.27344370038947,115272349.0,26974112.0,88298237.0,True,BB
9578.SR,Atlas Elevators,Capital Goods,Financial Analytics,BB,10,2024,argaam_oct2025,0.5911443832815138,,0.10266789521706737,,118422492.0,118422492.0,,True,BB
9568.SR,Mayar Holding,Capital Goods,Financial Analytics,BBB,13,2024,argaam_oct2025,-0.34964638793279446,0.002173072310193956,0.07828823821899074,0.06805924327272045,543211100.0,508596413.0,34614687.0,True,BBB
